GuestID,FirstName,Surname,Patronymic,PhoneNumber,Email,Passport,BirthDate
1,Ivan,Petrenko,Serhiyovych,"""380528112492""",petrenko@gmail.com,AB1234567,5/15/1990
2,Olha,Kovalchuk,Andriyivna,"""380643708086""",kovalchuk.olha@gmail.com,BC2345678,9/21/1995
3,Andriy,Shevchenko,Volodymyrovych,"""380546807989""",shevchenko.andriy@gmail.com,CD3456789,2/12/1988
4,Kateryna,Melnyk,Ivanivna,"""380912830319""",melnyk.kateryna@gmail.com,DE4567890,11/7/1997
5,Dmytro,Bondarenko,Petrovych,"""380718636256""",bondarenko.dmytro@gmail.com,EF5678901,7/1/1992
6,Svitlana,Tkachenko,Mykolayivna,"""380643104990""",tkachenko.svitlana@gmail.com,GH6789012,12/25/1989
7,Oleh,Kravchenko,Oleksandrovych,"""380557821121""",kravchenko.oleh@gmail.com,IJ7890123,8/14/1993
8,Iryna,Savchenko,Viktorivna,"""380950168146""",savchenko.iryna@gmail.com,KL8901234,3/30/1999
9,Pavlo,Zinchenko,Dmytrovych,"""380983827462""",zinchenko.pavlo@gmail.com,MN9012345,6/18/1987
10,Nadiya,Boyko,Andriyivna,"""380969668497""",boyko.nadiya@gmail.com,OP0123456,1/9/1994
11,Serhiy,Marchenko,Oleksandrovych,"""380520483594""",marchenko.serhiy@gmail.com,QR1234567,4/27/1985
12,Tetiana,Dudnik,Petriivna,"""380703540826""",dudnik.tetiana@gmail.com,ST2345678,10/12/1996
13,Roman,Hryhorenko,Vasylovych,"""380787871279""",hryhorenko.roman@gmail.com,UV3456789,5/22/1991
14,Anastasia,Polishchuk,Serhiivna,"""380801892561""",polishchuk.anastasia@gmail.com,WX4567890,12/1/1998
15,Volodymyr,Taranenko,Ivanovych,"""380678347281""",taranenko.volodymyr@gmail.com,YZ5678901,9/17/1986
16,Liliya,Mazyr,Oleksandrivna,"""380682964654""",mazyr.liliya@gmail.com,AA6789012,2/25/1993
17,Vitaliy,Humenyuk,Danylovych,"""380957460521""",humenyuk.vitaliy@gmail.com,BB7890123,7/8/1990
18,Yuliya,Doroshenko,Andriyivna,"""380527864489""",doroshenko.yuliya@gmail.com,CC8901234,11/13/1997
19,Denys,Khmara,Volodymyrovych,"""380585718099""",khmara.denys@gmail.com,DD9012345,4/3/1995
20,Viktoriya,Kovtun,Mykolayivna,"""380572508421""",kovtun.viktoriya@gmail.com,EE0123456,8/28/1999
21,Artem,Fedorenko,Olehovych,"""380681041815""",fedorenko.artem@gmail.com,FF1234567,6/4/1988
22,Lesya,Savchuk,Petrivna,"""380801164185""",savchuk.lesya@gmail.com,GG2345678,10/19/1991
23,Oksana,Lytvyn,Ivanivna,"""380679205573""",lytvyn.oksana@gmail.com,HH3456789,3/7/1993
24,Yaroslav,Kovalenko,Serhiyovych,"""380876716838""",kovalenko.yaroslav@gmail.com,II4567890,12/10/1994
25,Maria,Andrienko,Viktorivna,"""380631621073""",andrienko.maria@gmail.com,JJ5678901,9/2/1998
26,Rostyslav,Kondratyuk,Pavlivna,"""380587927027""",kondratyuk.rostyslav@gmail.com,SN7350753,9/10/1987
27,Anton,Vovk,Petriivna,"""380500896870""",vovk.anton@gmail.com,SB4823498,2/28/1994
28,Natalia,Tymoshenko,Serhiivna,"""380986354346""",tymoshenko.natalia@gmail.com,QJ7210606,4/22/1996
29,Valentyn,Prokopenko,Stepanivna,"""380734223780""",prokopenko.valentyn@gmail.com,PE5107245,8/13/1990
30,Valentyn,Zinchenko,Tarasivna,"""380915316887""",zinchenko.valentyn@gmail.com,RV1938483,1/26/1992
31,Yana,Melnichenko,Stepanovych,"""380547037136""",melnichenko.yana@gmail.com,XO6279418,11/16/1991
32,Borys,Zinchenko,Mykolayivna,"""380971711070""",zinchenko.borys@gmail.com,DT5408072,7/19/2003
33,Borys,Kondratyuk,Volodymyrovych,"""380820833768""",kondratyuk.borys@gmail.com,MT2839607,11/6/1989
34,Liubov,Kravchuk,Pavlivna,"""380702719654""",kravchukk.liubov@gmail.com,JZ9877065,9/28/1993
35,Oleksii,Kovalenko,Orestivna,"""380537514909""",kovalenko.oleksii@gmail.com,TI5924115,3/15/1998
36,Oleksii,Shulha,Orestivna,"""380503540685""",shulha.oleksii@gmail.com,TN2785277,11/17/1994
37,Oleksandra,Kolisnyk,Olehovych,"""380669360744""",kolisnyk.oleksandra@gmail.com,OU9897858,10/11/1985
38,Serhii,Kravets,Andriyovych,"""380893010582""",kravets.serhii@gmail.com,GG2321324,12/16/1987
39,Vira,Vasylyshyn,Andriivna,"""380740690886""",vasylyshyn.vira@gmail.com,DM3770370,9/28/1993
40,Oleksandra,Kravchuk,Mykolayovych,"""380554780547""",kravchuk.oleksandra@gmail.com,SK7264956,9/15/1999
41,Mykhailo,Kravchuk,Volodymyrovych,"""380986082202""",kravchuk.mykhailo@gmail.com,AO4694634,2/23/1985
42,Anton,Moroz,Volodymyrovych,"""380523561897""",moroz.anton@gmail.com,WB4993055,11/16/1993
43,Petro,Khmil,Olehovych,"""380549802595""",khmil.petro@gmail.com,GM7829332,2/4/1991
44,Liubov,Kravchuk,Petriivna,"""380858167077""",kravchuk.liubov@gmail.com,MS2651177,7/24/1986
45,Yana,Tymoshenko,Volodymyrovych,"""380576329659""",tymoshenko.yana@gmail.com,ND4078418,8/8/1993
46,Vira,Miroshnyk,Andriivna,"""380567779790""",miroshnyk.vira@gmail.com,QO1247595,4/6/1987
47,Halyna,Petrychenko,Oleksandrivna,"""380924166590""",petrychenko.halyna@gmail.com,XE1036161,5/26/1997
48,Zoriana,Rudenko,Volodymyrivna,"""380986731454""",rudenko.zoriana@gmail.com,EH1981186,12/18/2003
49,Nazar,Shulha,Olehivna,"""380511400976""",shulha.nazar@gmail.com,PN9910817,1/17/1990
50,Vira,Veremchuk,Dmytrovych,"""380656659744""",veremchuk.vira@gmail.com,RG3011363,4/19/2003
